"Keywords","Questions","Modifiers"
"betting app promos","which betting app is the best","betting app for sports"
"betting app sports","which betting app is best in india","betting app for football"
"betting app in usa","who mobile app","betting app for world cup"
"betting app promo codes","which betting app is the best australia","betting app for soccer"
"betting app deals","which betting app","betting app for friends"
"betting app free money","which betting app is the best uk","betting app for video games"
"betting app for football","who mobile application","betting app for madden"
"betting app for world cup","which is the easiest betting app to use","betting app for nba"
"betting app offers","what is the most popular betting app","betting app for nfl"
"betting app commercials","what betting app is best","betting app for california"
"mobile app 0-60","how mobile app marketing","mobile app is"
"which app is the best for betting","how mobile apps make money","mobile app is a software"
"what is the best betting app to use","how do betting apps work","mobile app is it free"
"which is the easiest betting app to use","betting app tips","mobile app is best"
"how do betting apps work","which app is good for betting","mobile app is backend"
"betting apps ranked","which betting app is the best","mobile app is up"
"mobile app 1 million downloads","which betting app has the best cash out","mobile app is now"
"mobile app 1 device","which betting app gives bonus on registration","which betting app is the best"
"betting app like 1xbet","which betting app has best odds","which betting app is best in india"
"sports betting app 18+","which betting app has most free bets","which betting app is the best in nigeria"
"mobile 1 app store","which betting app gives free bet","betting app in usa"
"betting tips 1x2 app download","which betting app has instant withdrawal","betting app in florida"
"betting tips 1x2 app","which betting app is legal in texas","betting app in california"
"1x betting app","which betting app is legal in india","betting app in ohio"
"10cric betting app","which betting app is best in india","betting app in nc"
"1win betting app","what betting app is best","betting app in india"
"mobile app 2","what betting app can i use in florida","betting app in georgia"
"mobile app 2 factor authentication","what betting app is legal in florida","betting app in uk"
"ipl betting app 2022","what betting app is legal in texas","betting app in vegas"
"best betting app 2022","what betting app can i use at 18","betting app in pa"
"ipl betting app 2021","what betting app is legal in california","mobile app near me"
"betting tips app 2022","what betting app can i use in california","betting app around"
"best betting app 2021","what betting app has the best odds","sports betting apps near maryland"
"lotus betting app 24/7","what betting app can i use in georgia","which is the easiest betting app to use"
"new betting app 2022","what betting app takes cash app","what is the best betting app to use"
"msport betting app 2022","why mobile app","which sports betting app is best"
"betting app 365","why mobile app development","which app is the best for betting"
"betting 365 app download","why mobile app security","betting app in india"
"mobile app 3 tier architecture","why mobile application","betting app in pakistan"
"mobile app 3d printing","why mobile application development","betting app in nepal"
"mobile 3 app","why mobile apps is best","betting app for cricket"
"mobile 3 app for android","which app is the best for betting","mobile app to earn money"
"356 betting app","which app is best for betting in india","betting app with sign up bonus"
"3+ betting app","how do betting apps work","mobile app to check blood pressure"
"betting app tips","which app is good for betting","mobile app to pc"
"which is the easiest betting app to use","when mobile apps","betting app in florida"
"betting app for cricket","betting in app","betting app for football"
"betting app for football","does bet her have an app","betting app with sign up bonus"
"betting app for sports","how do betting apps work","betting app with friends"
"betting app for ipl","which app is good for betting","betting app with fake money"
"betting app for friends","which app is the best for betting","betting app with instant withdrawal"
"betting app for ipl 2022","are betting apps legal in india","betting app with best odds"
"betting app for ufc","is betting app","betting app with free sign up bonus"
"betting app for super bowl","are mobile application","betting app with free bonus"
"betting app for iphone","are betting apps safe","betting app with the highest odds"
"betting app for florida","are betting apps legal","betting app with minimum deposit 100"
"mobile app 5 letters","is betting app legal in india","betting app with bonus"
"betting apps with 5 pound deposit","is betting app","betting app without ssn"
"how do betting apps work","will mobile apps replace websites","betting app without money"
"what are good betting apps","will mobile apps make the web irrelevant","betting app without verification"
"which app is the best for betting","will mobile apps die","betting app without deposit"
"what betting apps work in new york","does betting apps affect credit rating","betting app without real money"
"777 betting app","will mobile apps work on ipad","betting app without otp"
"lotus betting app 24/7","mobile will app","betting app without investment"
"which app is the best for betting","which app is the best for betting","betting app without id"
"which app is good for betting","which is the easiest betting app to use","betting apps without pan card"
"which app is best for betting in india","can mobile app","betting apps without casino"
"which sports betting app is best","can mobile app measure blood pressure","betting app"
"888 betting app","can mobile app work on laptop","betting app in india"
"86z betting app","can mobile app be hacked","betting app cricket"
"888 betting app download","do betting apps affect credit rating","betting app in pakistan"
"86w betting app","can mobile apps be used on pc","betting app download"
"which sports betting app is best","can mobile apps be patented","betting app promos"
"which app is the best for betting","can mobile apps be developed using python","betting app offers"
"betting 9apps","do betting apps report to irs","betting app sign up bonus"
"9mobile app","does betting apps affect credit rating","betting app in nepal"
"mobile app 9 news","where mobile apps","betting app download for android"
"mobile9 app download","where mobile application","betting app like 1xbet"
"mobile 9 app apk","how do betting apps work","betting app like dream11"
"mobile9 app store","which app is the best for betting","mobile app like photoshop"
"mobile9 app download for android","what is the most popular betting app","mobile app like anydesk"
"mobile 9 app free download","is betting app legal in india","mobile app like teamviewer"
"mobile9 app ios","is mobile app","mobile app like autocad"
"mobile 9 app for pc","is mobile application a software","mobile app like sketchup"
"betting app arkansas","is mobile application development","mobile app like after effects"
"betting app australia","is application mobile","mobile app like website template"
"betting app apk","is sports betting app real money","betting app for cricket"
"betting app apk download","are betting apps safe","mobile app or website"
"betting app api","which sports betting app is best","betting app for football"
"betting app architecture","","betting app for sports"
"betting app android","","betting app for ipl"
"betting app against friends","","betting app for friends"
"betting app all","","betting app for ipl 2022"
"betting app apk mod","","betting app for ufc"
"betting app between friends","","mobile app or web development"
"betting app bonus","","betting app for florida"
"betting app basketball","","mobile app versus website"
"betting app best","","mobile app vs responsive website"
"betting app bangladesh","","versus betting app"
"betting app blocker","","what is the best betting app to use"
"betting app belgium","","which is the easiest betting app to use"
"betting app bd","","which sports betting app is best"
"betting boxing app","","betting app comparison"
"betting app with best odds","","betting apps best"
"betting app commercials","","mobile app vs website"
"betting app calculator","","mobile app vs website statistics 2020"
"betting app cricket","","mobile app vs website statistics 2021"
"betting app comparison","","mobile app vs responsive website"
"betting app california","","mobile app vs pwa"
"betting app canada","","mobile app vs website statistics 2022"
"betting app cricket india","","mobile app vs web"
"betting app casino","","mobile app vs saas"
"betting app creator","","mobile app vs website statistics uk"
"betting app codecanyon","","mobile app vs website security"
"betting app deals","",""
"betting app deposit match","",""
"betting app download","",""
"betting app deals ohio","",""
"betting app dc","",""
"betting app download for android","",""
"betting app developers","",""
"betting app design","",""
"betting app deals uk","",""
"betting app download apk","",""
"betting app europe","",""
"betting exchange app","",""
"betting expert app","",""
"betting escrow app","",""
"betting exercise app","",""
"mobile app e-commerce","",""
"mobile app e","",""
"mobile apple tablet","",""
"mobile app ecommerce business","",""
"best editing app","",""
"betting app for sports","",""
"betting app free money","",""
"betting app for football","",""
"betting app for world cup","",""
"betting app for soccer","",""
"betting app for friends","",""
"betting app for video games","",""
"betting app for madden","",""
"betting app free bets","",""
"betting app for nba","",""
"betting app games","",""
"betting app github","",""
"betting app germany","",""
"betting app gcash","",""
"betting app grand national offers","",""
"betting app grand national","",""
"betting app golf","",""
"betting apps giving free money","",""
"betting apps google play","",""
"betting apps georgia","",""
"betting app hacked","",""
"betting app hacker","",""
"betting app horse racing","",""
"betting app hungary","",""
"betting app help","",""
"betting apps horses","",""
"betting hub app","",""
"best hotel app","",""
"which betting app has the best cash out","",""
"betting tips app hacked","",""
"betting app in usa","",""
"betting app in florida","",""
"betting app in california","",""
"betting app in ohio","",""
"betting app incentives","",""
"betting app in nc","",""
"betting app in india","",""
"betting app in georgia","",""
"betting app in uk","",""
"betting app illinois","",""
"betting app joining bonus","",""
"betting app joining offers","",""
"betting java app","",""
"best journal app","",""
"sports betting app jobs","",""
"betting apps in jamaica","",""
"betting apps in japan","",""
"betting apps new jersey","",""
"j9 betting app","",""
"jd222 betting app","",""
"betting app kenya","",""
"betting app kentucky derby","",""
"betting app kansas","",""
"betting kingz app","",""
"betting king app","",""
"sportpesa betting app kenya","",""
"betika betting app kenya","",""
"sports betting app kentucky","",""
"mozzart betting app kenya","",""
"betting app in korea","",""
"betting app las vegas","",""
"betting app list","",""
"betting app legal in india","",""
"betting app like 1xbet","",""
"betting app logo","",""
"betting app like dream11","",""
"betting app low deposit","",""
"betting app luxembourg","",""
"betting app like","",""
"betting app lagai","",""
"betting app match deposit","",""
"betting app maryland","",""
"betting app meaning","",""
"betting app maker","",""
"betting app malaysia","",""
"betting app mod apk","",""
"betting app melbourne cup","",""
"betting app make money","",""
"betting apps massachusetts","",""
"betting apps minimum deposit","",""
"betting app nba","",""
"betting app new customer offers","",""
"betting app no money","",""
"betting app ny","",""
"betting app no deposit bonus","",""
"betting app new york","",""
"betting app no minimum deposit","",""
"betting app names","",""
"betting app nz","",""
"betting app news","",""
"betting app offers","",""
"betting app ohio","",""
"betting app odds","",""
"betting app online","",""
"betting app ontario","",""
"betting app offers canada","",""
"betting app on iphone","",""
"betting app offers cheltenham","",""
"betting app on mac","",""
"betting apps on play store","",""
"betting app promos","",""
"betting app promo codes","",""
"betting app promos ohio","",""
"betting app promos ny","",""
"betting app promos ontario","",""
"betting app philippines","",""
"betting app promotion","",""
"betting app promotions ontario","",""
"betting app portugal","",""
"betting app promotions canada","",""
"betting app quebec","",""
"best betting app quora","",""
"sports betting app quebec","",""
"betting app in qatar","",""
"qmobile app","",""
"cricket betting apps quora","",""
"qld betting app","",""
"which is the easiest betting app to use","",""
"what is the best betting app to use","",""
"which app is the best for betting","",""
"betting app reviews","",""
"betting app real money","",""
"betting app reddit","",""
"betting app react native","",""
"betting app ratings","",""
"betting apps review australia","",""
"betting apps roulette","",""
"betting apps refer a friend","",""
"betting record app","",""
"betting rugby app","",""
"betting app sports","",""
"betting app sign up bonus","",""
"betting app soccer","",""
"betting app stocks","",""
"betting app sign up offers","",""
"betting app stake","",""
"betting app source code","",""
"betting app specials","",""
"betting app south africa","",""
"betting app spain","",""
"betting app tracker","",""
"betting app template","",""
"betting app texas","",""
"betting app tz","",""
"betting app tanzania","",""
"betting app that uses airtime","",""
"betting app tips","",""
"betting app that gives bonus","",""
"betting app that accepts paypal","",""
"betting app thailand","",""
"betting app usa","",""
"betting app us","",""
"betting app uk","",""
"betting app ui","",""
"betting app uae","",""
"betting app ufc","",""
"betting apps under 21","",""
"betting apps uganda","",""
"betting apps under 18","",""
"betting apps uk offers","",""
"betting app vegas","",""
"betting app vip","",""
"betting app vpn","",""
"betting apps virginia","",""
"betting village app","",""
"mobile app v website","",""
"betting app without verification","",""
"sports betting app virginia","",""
"betting app no verification","",""
"betting app las vegas","",""
"betting app world cup","",""
"betting app with sign up bonus","",""
"betting app with friends","",""
"betting app with fake money","",""
"betting app with instant withdrawal","",""
"betting app with best odds","",""
"betting app with free sign up bonus","",""
"betting app with free bonus","",""
"betting app without ssn","",""
"betting app without money","",""
"mobile x app","",""
"xbox betting app","",""
"x betting app","",""
"xtreme betting app","",""
"how do betting apps work","",""
"what is the best betting app to use","",""
"which app is the best for betting","",""
"betting app","",""
"betting app in india","",""
"betting app cricket","",""
"betting app in pakistan","",""
"betting app download","",""
"betting app promos","",""
"betting app offers","",""
"betting app sign up bonus","",""
"betting app in nepal","",""
"betting app download for android","",""
"betting app zimbabwe","",""
"betting apps zambia","",""
"mwos betting app zimbabwe","",""
"mwos betting app zambia","",""
"mobile z app","",""
"betting apps new zealand","",""
"galsport betting zambia app","",""
"gal sport betting zambia app download","",""
"app za betting tanzania","",""
"zoom betting app","",""
"double money app download","how to double cash app money","money double app"
"best money double app","can you double your money","double money app download"
"cash app double charge","how to double your money","cash app double charge"
"cash app double charged me","how do you double your money in stocks","cash app double charged me"
"double cash app","does cash app double charge","double cash app"
"cash app double payment","can you double your money","best money double app"
"cash app double money","can you double your money in stocks","cash app double payment"
"mtn mobile money double app","is money doubling real","cash app double money"
"is money doubling real","does cash app double charge","mtn mobile money double app"
"best money double app","can you double your money","how to my money double"
"how to my money double","can you double your money every year",""
"is money doubling real","is money doubling real",""
"which scheme doubles the money","does cash app double charge",""
"cash app double charge","is money doubling real",""
"cash app double charged me","can you double your money",""
"cash app double money","what does double your money mean",""
"how to my money double","",""
"which scheme doubles the money","",""
"double money app download","",""
"double down app real money","",""
"is money doubling real","",""
"which scheme doubles the money","",""
"ideas to double your money","",""
"what does double your money mean","",""
"what is money doubling","",""
"double dice money earning app","",""
"double q app earn money","",""
"ideas to double your money","",""
"is money doubling real","",""
"what does doubling your money mean","",""
"why is mint doubling my transactions","",""
"how to my money double","",""
"mtn mobile money double app","",""
"how to my money double","",""
"is money doubling real","",""
"what does double your money mean","",""
"which scheme doubles the money","",""
"double money on cash app","",""
"is money doubling real","",""
"how to my money double","",""
"why is mint doubling my transactions","",""
"cash app double payment","",""
"why is mint doubling my transactions","",""
"which scheme doubles the money","",""
"is money doubling real","",""
"double q app earn money","",""
"is money doubling real","",""
"how fast does money double","",""
"how to my money double","",""
"double win app real money","",""
"double down app real money","",""
"which scheme doubles the money","",""
"how to my money double","",""
"app to double money","",""
"how to my money double","",""
"how to double money on cash app","",""
"is money doubling real","",""
"double win app real money","",""
"how to my money double","",""
"is money doubling real","",""
"money double app","",""
"double money app download","",""
"cash app double charge","",""
"cash app double charged me","",""
"double cash app","",""
"best money double app","",""
"cash app double payment","",""
"cash app double money","",""
"mtn mobile money double app","",""
"is money doubling real","",""
"loan app in nigeria","which loan app is the best in nigeria","loan app for bad credit"
"loan app no credit check","which loan app is good","loan app for iphone"
"loan app like dave","which loan app is legit","loan app for students"
"loan app reviews","which loan app is rbi registered","loan app for iphone in nigeria"
"loan app for bad credit","which loan app is best for students","loan app for chime"
"loan app in usa","which loan app is best in pakistan","loan app for bad credit score"
"loan app for iphone","which loan app","loan app for self employed"
"loan app elite","which loan app is the best in nigeria nairaland","loan app for unemployed"
"loan app that works with chime","which loan application","loan app for students in nigeria"
"loan app without id","which apps loan money","loan app for 1 month"
"loan app 0 interest","how loan app works","loan application is"
"loan app zero interest","how write loan application letter","which loan app is the best in nigeria"
"best loan app 0 interest","how the loan application","which loan app is good"
"online loan app 0 interest","how to stop loan app harassment","which loan app is legit"
"online loan application 0 interest","how is navi loan app safe","which loan app is rbi registered"
"opesa loan app","how to download loan app","which loan app is best for students"
"okash loan app","is loan app legit","which loan app is best in pakistan"
"loan app for small amount","how to develop loan app","navi loan app is safe"
"loan app names","what is loan app","which loan app is the best in nigeria nairaland"
"loan apps for unemployed","which app can give loan","loan app in nigeria"
"loan app 10000","which loan app is legit","loan app in usa"
"loan app 1000","which loan app is real","loan app in nigeria for iphone"
"loan app 14 days","which loan app gives more money","loan app in nigeria without bvn"
"loan app 100","which loan app is the best","loan app in india"
"loan app 1 month to pay","which loan app doesn't require bvn","loan app in nigeria with low interest"
"loan app 100 approval","which loan app is best in pakistan","loan app in ghana"
"loan app 1 valid id","which loan app is best for students","loan app in pakistan"
"loan app 1003","which loan app is fezotech","loan app in uk"
"loan app one","which loan app has the lowest interest","loan app in russia"
"loan app for 18 year old","which loan app is the best in ghana","loan application near me"
"loan app 2023","what loan app works with cash app","loan apps near me"
"loan app 2000","what loan app is the best","loans app near nairobi"
"loan app 20000","what loan app works with chime","best loan app in lagos"
"loan app 2022 philippines","what loan app doesn't use plaid","best loan app in tamil nadu"
"loan apps 2022 india","what loan app is safe","best loan app in west bengal"
"loan app 20k","what loan app accepts philhealth id","best loan app in odisha"
"loan app 24/7","what's loan application","best loan app in rajasthan"
"loan app 2021","what loan application process","best loan app in abuja"
"loan application 2021","which loan app is the best in nigeria","best loan app in karnataka"
"loan application 2021/22","which loan app is legit","loan app to borrow money"
"loan app 30 days","why loan application","loan app to borrow 100k"
"loan app 3000","what is loan app","loan app to borrow 10k"
"loan app 30000","what is loan app in india","loan app to gcash"
"loan application 30 days","what is loan application process","loan app to borrow 500k"
"loan app with 30 days repayment","what is loan application form","loan app to borrow money in nigeria"
"loan app for 3 months","what is loan application letter","loan app to borrow money without bvn"
"sba loan application 3501","is loan app legit","loan app to borrow 20k"
"student loan appendix 3","which app is best for taking loan","loan app to download"
"loan forgiveness application 3508s","what is the best borrowing loan app","loan app to get money instantly"
"ppp loan application 3508","when credit loan app","loan app with no credit check"
"loan app for students","when loan forgiveness application","loan app with only bvn"
"loan app for iphone","is loan app legit","loan app with bad credit"
"loan app for low cibil score","which app is best for taking loan","loan app with low interest"
"loan app for unemployed","which app is giving loan now","loan app with installment"
"loan app for self employed","what is the best borrowing loan app","loan app with monthly repayment"
"loan apps for students without pan card","are loan apps legit","loan app with low interest rate"
"loan app for 18 year old","are mortgage applications down","loan app with low interest rate in nigeria"
"loan app for students in india","is loan application","loan app with low credit score"
"loan app for salaried person","what are loan apps","loan app with less interest"
"loan app for ios","what are loan application process","loan app without id"
"loan app 500","are loan apps safe","loan app without bvn in nigeria"
"loan app 5000","are loan apps legal","loan app without direct deposit"
"loan app 50000","are loans free","loan app without atm card in nigeria"
"loan app 500 pesos","can loan app block my bvn","loan app without income proof"
"best loan app 50000","can loan app access contacts","loan app without credit score"
"loan app in 5 minutes","can loan app blacklist my bvn","loan app without bank account"
"instant loan app 50000","can loan app debit my account","loan app without calling"
"loan app top 5","can loan app access my contacts","loan app without pan card"
"lic loan application 5196","can loan app take legal action","loan app without cibil score"
"loan app to borrow 50k","can loan app come to my house","loan app and their interest rate"
"loan application 6 pieces of information","can loan app arrest defaulters","loan app"
"loan app for 600 cibil score","can loan app lock my phone","loan app in nigeria"
"loan app for 6 months","can loan app blacklist my bvn","loan app without bvn in nigeria"
"mortgage loan application 6 pieces of information","can loan app block my bank account","loan app download"
"60000 loan app","can loan app lock my phone","loan app for students"
"which is the best app to borrow loan","can loan app block my phone","loan app in nigeria with low interest"
"what is the best app for loan","can loan app come to my house","loan app philippines"
"what is loan app","can loan app debit my account","loan app with low interest"
"which app can i borrow loan","can loan app block my account","loan app without atm card in nigeria"
"loan app 7 days","can loan app call my contacts","loan app like dave"
"loan app 7 days apk","can loan app access my whatsapp","loan app like possible"
"loan 7a application","can loan app block your account","loan app like solo"
"loan app 24/7","where to download lcredit loan app","loan app like earnin"
"sba loan application 7a","which app can give me a loan","loan app like possible finance"
"7k loan app download","what are the legit loan app","loan app like moneylion"
"$75 loan app","which app can i get a loan","loan app like billease"
"7000 loan app","is loan app legit","loan app like tala"
"7up loan app","is loan app safe","loan app like kreditbee"
"$70 loan app","is loan app legal in nigeria","loan app like navi"
"zenka loan app*841#","is loan application","loan app for students"
"86400 loan app","is navi loan app safe","loan app for iphone"
"which is the best app to borrow loan","is navi loan app rbi approved","loan app for low cibil score"
"which app can i borrow loan","what is loan app","loan app for small amount"
"loan app with high amount","what is loan app in india","loan app for one month"
"what is loan app","is loan forgiveness application open","loan app for business"
"loan 9apps","is helb loan application on","loan app for nigeria"
"9credit loan app","","loan app for access bank"
"9credit loan app download","","loan app for 7 days"
"9credit loan app login","","loan app for zenith bank"
"9ja cash loan app","","loan application vs pre approval"
"9ja cash loan app download","","what is the best app for loan"
"9credit loan app for iphone","","loan vs advance difference"
"9jamoney loan app","","which app is best for taking loan"
"9jamoney loan app download","","is loan one app legit"
"9cash loan app download","","loan app and their interest rate"
"loan app apk","","loan app and federal government"
"loan app aadhar card","","loan and app"
"loan app apk in nigeria","","loan vs advance difference"
"loan app approved by cbn","","what is the best app for loan"
"loan app all","","which is the best app to borrow loan"
"loan app australia","","is loan app legit"
"loan app approved by rbi","",""
"loan app arrest","",""
"loan app android","",""
"loan app apply","",""
"loan app bad credit","",""
"loan app best","",""
"loan app bangladesh","",""
"loan app blackmail","",""
"loan app bd","",""
"loan app bangladesh 2022","",""
"loan app branch","",""
"loan app business","",""
"loan app bajaj finance","",""
"loan app banned in nigeria","",""
"loan app calculator","",""
"loan app chime","",""
"loan app complaint","",""
"loan app customer care number","",""
"loan app code","",""
"loan app contact number","",""
"loan app case","",""
"loan app chinese","",""
"loan app canada","",""
"loan app cash","",""
"loan app download","",""
"loan app dave","",""
"loan app download apk","",""
"loan app data remove","",""
"loan app dubai","",""
"loan app direct to gcash","",""
"loan app dhani","",""
"loan app design","",""
"loan app defaulters","",""
"loan app development","",""
"loan app elite","",""
"loan app emergency","",""
"loan app emi","",""
"loan app easy","",""
"loan app egypt","",""
"loan app europe","",""
"loan app easy approval","",""
"loan app embarrassment","",""
"loan app even when in crb","",""
"loan application examples","",""
"loan app for bad credit","",""
"loan app for iphone","",""
"loan app for students","",""
"loan app for iphone in nigeria","",""
"loan app for chime","",""
"loan app fast approval","",""
"loan app for bad credit score","",""
"loan app for self employed","",""
"loan app for unemployed","",""
"loan app fraud complaint","",""
"loan app genuine","",""
"loan app ghana","",""
"loan app gcash","",""
"loan app gcash disbursement","",""
"loan app github","",""
"loan app google","",""
"loan app good","",""
"loan app gh","",""
"loan app google play store","",""
"loan app names","",""
"loan app harassment","",""
"loan app harassment complaint number","",""
"loan app harassment complaint","",""
"loan app hdfc","",""
"loan app harassment news","",""
"loan app hack","",""
"loan app hindi","",""
"loan app harassment complaint letter format","",""
"loan app harassment news today","",""
"loan app harassment hindi","",""
"loan app in nigeria","",""
"loan app in usa","",""
"loan app instant cash advance","",""
"loan app in nigeria for iphone","",""
"loan app instant","",""
"loan app instant cash","",""
"loan app in nigeria without bvn","",""
"loan app in india","",""
"loan app in nigeria with low interest","",""
"loan app in ghana","",""
"loan app jobs","",""
"loan application jobs","",""
"loan application job description","",""
"loan application journey","",""
"loan application joint intent","",""
"loan application job duties","",""
"jasmin loan app","",""
"jasmin loan app download","",""
"jasmin loan app download apk","",""
"loan jasmine app customer care number","",""
"loan app kenya","",""
"loan app kenya 2022","",""
"loan app konsa hai","",""
"loan app kaise banaye","",""
"loan app kreditbee","",""
"loan app kannada","",""
"loan app kaun kaun se hain","",""
"loan app karnataka","",""
"loan app ki jankari","",""
"loan app ki complaint kaise kare","",""
"loan app like dave","",""
"loan app like possible","",""
"loan app legit","",""
"loan app like solo","",""
"loan app like earnin","",""
"loan app like possible finance","",""
"loan app like moneylion","",""
"loan app like billease","",""
"loan app list","",""
"loan app low interest","",""
"loan app money","",""
"loan app myanmar","",""
"loan app monthly payment","",""
"loan app malaysia","",""
"loan app mobile","",""
"loan app maker","",""
"loan app malayalam","",""
"loan app messages","",""
"loan app made in india","",""
"loan app making","",""
"loan app no credit check","",""
"loan app no direct deposit","",""
"loan app nigeria","",""
"loan app no interest","",""
"loan app no bank account needed","",""
"loan app nigeria apk","",""
"loan app news","",""
"loan app name","",""
"loan app nbfc","",""
"loan app no need id","",""
"loan app on iphone","",""
"loan app online","",""
"loan app on iphone in nigeria","",""
"loan app on iphone without bvn","",""
"loan app original","",""
"loan app online india","",""
"loan app on app store","",""
"loan app on android","",""
"loan app on aadhar card","",""
"loan app online in nigeria","",""
"loan app payday","",""
"loan app payday cash advance","",""
"loan app philippines","",""
"loan app pakistan","",""
"loan app ph","",""
"loan apps personal","",""
"loan app philippines low interest","",""
"loan app pan card","",""
"loan app philippines fast approval","",""
"loan app play store","",""
"loan app quick","",""
"loan app quora","",""
"loan application questions","",""
"loan application questionnaire","",""
"loan application quick","",""
"loan app in qatar","",""
"navi loan app quora","",""
"ring loan app qr code","",""
"loan app harassment quora","",""
"credit q app","",""
"loan app reviews","",""
"loan app reddit","",""
"loan app rbi registered","",""
"loan app real","",""
"loan app rbi","",""
"loan app registered with cbn","",""
"loan app ring","",""
"loan app refer and earn","",""
"loan app requirements","",""
"loan app recovery agents harassment","",""
"loan app same day","",""
"loan app scams in india","",""
"loan app scams","",""
"loan app student","",""
"loan app sec registered","",""
"loan app sri lanka","",""
"loan app source code","",""
"loan app safe","",""
"loan app scam news","",""
"loan app same as tala","",""
"loan app that works with chime","",""
"loan app to borrow money","",""
"loan app that accept cash app","",""
"loan app that accept chime","",""
"loan app that gives money instantly","",""
"loan app that don't need bank account","",""
"loan app that work with cash app","",""
"loan app that works on iphone in nigeria","",""
"loan app that can borrow me 20k","",""
"loan app that gives higher amount","",""
"loan app usa","",""
"loan app uae","",""
"loan app urgent","",""
"loan app uganda","",""
"loan app using tin id","",""
"loan app uk","",""
"loan app ui","",""
"loan app under rbi","",""
"loan app using national id","",""
"loan app ussd code","",""
"loan app victims","",""
"loan app via gcash","",""
"loan app video","",""
"loan app victims kenya","",""
"loan app version","",""
"loan application vs pre approval","",""
"loan application verification landbank","",""
"loan application verification","",""
"loan apps via sms","",""
"loan application via ussd","",""
"loan app without id","",""
"loan app with no credit check","",""
"loan app without bvn in nigeria","",""
"loan app without direct deposit","",""
"loan app with bad credit","",""
"loan app without atm card in nigeria","",""
"loan app without income proof","",""
"loan app with low interest","",""
"loan app without credit score","",""
"loan app without bank account","",""
"loan.https //xcredit.app.link/bksb1","",""
"xcredit loan app","",""
"xcredit loan app download","",""
"cash loan app","",""
"xcrosscash loan app","",""
"cash loan app download","",""
"xtracash loan app download","",""
"xtracash loan app","",""
"xcrosscash loan app download","",""
"xcash loan app apk","",""
"loan app","",""
"loan app in nigeria","",""
"loan app without bvn in nigeria","",""
"loan app download","",""
"loan app for students","",""
"loan app in nigeria with low interest","",""
"loan app philippines","",""
"loan app with low interest","",""
"loan app without atm card in nigeria","",""
"loan app in india","",""
"loan app zero interest","",""
"loan app zenka","",""
"loan application zanaco","",""
"loan zone app","",""
"loan zone app review","",""
"loan zone app apk","",""
"loan zone app ios","",""
"loan app for zenith bank","",""
"loan app with zero processing fee","",""
"loan app like zenka","",""